{"cameraMode":{"drawMode":0,"name":"Shaded","section":"Shading Mode"},"sceneLighting":true,"audioPlay":false,"sceneViewState":{"showFog":true,"showMaterialUpdate":true,"showSkybox":true,"showFlares":true,"showImageEffects":true,"showParticleSystems":true},"in2DMode":false,"pivot":{"x":630.2650146484375,"y":337.9488525390625,"z":-872.1362915039063},"rotation":{"x":-0.009307232685387135,"y":0.02309485152363777,"z":-0.00021466681209858507,"w":-0.9996939897537231},"size":176.4425048828125,"orthographic":false}