{"cameraMode":{"drawMode":0,"name":"Shaded","section":"Shading Mode"},"sceneLighting":false,"audioPlay":false,"sceneViewState":{"showFog":true,"showMaterialUpdate":true,"showSkybox":false,"showFlares":true,"showImageEffects":true,"showParticleSystems":true},"in2DMode":false,"pivot":{"x":-0.6676559448242188,"y":4.294796943664551,"z":-6.596586227416992},"rotation":{"x":-0.7165488600730896,"y":-0.02548462338745594,"z":0.026643792167305948,"w":-0.6966361403465271},"size":302.4350891113281,"orthographic":true}