{"cameraMode":{"drawMode":0,"name":"Shaded","section":"Shading Mode"},"sceneLighting":false,"audioPlay":false,"sceneViewState":{"showFog":true,"showMaterialUpdate":true,"showSkybox":false,"showFlares":true,"showImageEffects":true,"showParticleSystems":true},"in2DMode":false,"pivot":{"x":6.582244873046875,"y":-5.06884765625,"z":-1.46673583984375},"rotation":{"x":-0.04606108367443085,"y":0.7115073204040527,"z":-0.6996489763259888,"w":-0.046758007258176807},"size":12.339454650878907,"orthographic":true}